,model,split,auc,pr,accuracy,precision,recall,specificity,f1-score,target,window
0,lab,train,0.75,0.75,0.8666666666666667,1.0,0.3333333333333333,1.0,0.5,aleak,0h
1,lab,test,1.0,1.0,0.8,0.0,0.0,1.0,0.0,aleak,0h
2,vitals,train,0.9444444444444444,0.8666666666666667,0.8,0.5,0.6666666666666666,0.8333333333333334,0.5714285714285715,aleak,0h
3,vitals,test,0.75,0.5,0.6,0.0,0.0,0.75,0.0,aleak,0h
4,img,train,0.611111111111111,0.2685185185185185,0.4666666666666667,0.2222222222222222,0.6666666666666666,0.4166666666666667,0.3333333333333333,aleak,0h
5,img,test,0.125,0.2,0.8,0.0,0.0,1.0,0.0,aleak,0h
6,static,train,0.45833333333333337,0.20555555555555557,0.3333333333333333,0.18181818181818182,0.6666666666666666,0.25,0.28571428571428575,aleak,0h
7,static,test,0.625,0.25,0.8,0.0,0.0,1.0,0.0,aleak,0h
8,late,train,0.7777777777777778,0.7575757575757576,0.8666666666666667,1.0,0.3333333333333333,1.0,0.5,aleak,0h
9,late,test,1.0,1.0,0.8,0.0,0.0,1.0,0.0,aleak,0h
10,ft_late,train,0.9166666666666666,0.8333333333333333,0.7333333333333333,0.4,0.6666666666666666,0.75,0.5,aleak,0h
11,ft_late,test,1.0,1.0,0.8,0.0,0.0,1.0,0.0,aleak,0h
12,mid,train,0.9166666666666667,0.6,0.8,0.0,0.0,1.0,0.0,aleak,0h
13,mid,test,0.75,0.3333333333333333,0.8,0.0,0.0,1.0,0.0,aleak,0h
14,ft_mid,train,0.9722222222222222,0.9166666666666665,0.8666666666666667,0.6666666666666666,0.6666666666666666,0.9166666666666666,0.6666666666666666,aleak,0h
15,ft_mid,test,0.75,0.5,0.6,0.0,0.0,0.75,0.0,aleak,0h
16,lab,train,0.7500000000000001,0.3873015873015873,0.6666666666666666,0.3333333333333333,0.6666666666666666,0.6666666666666666,0.4444444444444444,aleak,0h
17,lab,test,0.75,0.5,0.6,0.0,0.0,0.75,0.0,aleak,0h
18,vitals,train,0.8055555555555555,0.625,0.6,0.2857142857142857,0.6666666666666666,0.5833333333333334,0.4,aleak,0h
19,vitals,test,1.0,1.0,0.8,0.0,0.0,1.0,0.0,aleak,0h
20,img,train,0.5277777777777777,0.24523809523809526,0.5333333333333333,0.16666666666666666,0.3333333333333333,0.5833333333333334,0.2222222222222222,aleak,0h
21,img,test,0.5,0.25,0.6,0.0,0.0,0.75,0.0,aleak,0h
22,static,train,0.3055555555555555,0.18716931216931215,0.2,0.15384615384615385,0.6666666666666666,0.08333333333333333,0.25,aleak,0h
23,static,test,0.5,0.3333333333333333,0.4,0.0,0.0,0.5,0.0,aleak,0h
24,late,train,0.7222222222222223,0.3595238095238095,0.6666666666666666,0.3333333333333333,0.6666666666666666,0.6666666666666666,0.4444444444444444,aleak,0h
25,late,test,0.75,0.5,0.6,0.0,0.0,0.75,0.0,aleak,0h
26,ft_late,train,0.8333333333333333,0.6805555555555556,0.8,0.5,0.3333333333333333,0.9166666666666666,0.4,aleak,0h
27,ft_late,test,0.75,0.5,0.6,0.0,0.0,0.75,0.0,aleak,0h
28,mid,train,1.0,1.0,0.9333333333333333,1.0,0.6666666666666666,1.0,0.8,aleak,0h
29,mid,test,0.75,0.5,0.6,0.0,0.0,0.75,0.0,aleak,0h
30,ft_mid,train,0.5,0.2,0.8,0.0,0.0,1.0,0.0,aleak,0h
31,ft_mid,test,0.5,0.2,0.8,0.0,0.0,1.0,0.0,aleak,0h
32,lab,train,0.75,0.38333333333333336,0.7333333333333333,0.4,0.6666666666666666,0.75,0.5,aleak,0h
33,lab,test,0.25,0.25,0.2,0.0,0.0,0.25,0.0,aleak,0h
34,vitals,train,0.9166666666666666,0.8333333333333333,0.7333333333333333,0.4,0.6666666666666666,0.75,0.5,aleak,0h
35,vitals,test,0.0,0.2,0.8,0.0,0.0,1.0,0.0,aleak,0h
36,img,train,0.4722222222222222,0.2383838383838384,0.8,0.0,0.0,1.0,0.0,aleak,0h
37,img,test,0.5,0.3333333333333333,0.4,0.0,0.0,0.5,0.0,aleak,0h
38,static,train,0.5,0.2,0.8,0.0,0.0,1.0,0.0,aleak,0h
39,static,test,0.5,0.2,0.8,0.0,0.0,1.0,0.0,aleak,0h
40,late,train,0.9166666666666666,0.8333333333333333,0.7333333333333333,0.4,0.6666666666666666,0.75,0.5,aleak,0h
41,late,test,0.0,0.2,0.8,0.0,0.0,1.0,0.0,aleak,0h
42,ft_late,train,0.9722222222222222,0.9166666666666665,0.8666666666666667,0.6666666666666666,0.6666666666666666,0.9166666666666666,0.6666666666666666,aleak,0h
43,ft_late,test,0.0,0.2,0.8,0.0,0.0,1.0,0.0,aleak,0h
44,mid,train,0.5,0.2,0.8,0.0,0.0,1.0,0.0,aleak,0h
45,mid,test,0.5,0.2,0.8,0.0,0.0,1.0,0.0,aleak,0h
46,ft_mid,train,0.7916666666666666,0.7333333333333334,0.8666666666666667,1.0,0.3333333333333333,1.0,0.5,aleak,0h
47,ft_mid,test,0.25,0.2,0.8,0.0,0.0,1.0,0.0,aleak,0h
48,lab,train,0.9722222222222222,0.9166666666666665,0.8666666666666667,0.6666666666666666,0.6666666666666666,0.9166666666666666,0.6666666666666666,aleak,0h
49,lab,test,0.25,0.25,0.2,0.0,0.0,0.25,0.0,aleak,0h
50,vitals,train,0.9166666666666666,0.8333333333333333,0.7333333333333333,0.4,0.6666666666666666,0.75,0.5,aleak,0h
51,vitals,test,1.0,1.0,0.8,0.0,0.0,1.0,0.0,aleak,0h
52,img,train,0.5972222222222222,0.23333333333333334,0.5333333333333333,0.25,0.6666666666666666,0.5,0.36363636363636365,aleak,0h
53,img,test,0.125,0.2,0.8,0.0,0.0,1.0,0.0,aleak,0h
54,static,train,0.4583333333333333,0.2,0.8,0.0,0.0,1.0,0.0,aleak,0h
55,static,test,0.5,0.2,0.8,0.0,0.0,1.0,0.0,aleak,0h
56,late,train,1.0,1.0,0.9333333333333333,1.0,0.6666666666666666,1.0,0.8,aleak,0h
57,late,test,0.75,0.5,0.6,0.0,0.0,0.75,0.0,aleak,0h
58,ft_late,train,1.0,1.0,0.9333333333333333,1.0,0.6666666666666666,1.0,0.8,aleak,0h
59,ft_late,test,1.0,1.0,0.8,0.0,0.0,1.0,0.0,aleak,0h
60,mid,train,0.875,0.5,0.8,0.0,0.0,1.0,0.0,aleak,0h
61,mid,test,0.75,0.5,0.6,0.0,0.0,0.75,0.0,aleak,0h
62,ft_mid,train,0.9722222222222222,0.9166666666666665,0.8666666666666667,0.6666666666666666,0.6666666666666666,0.9166666666666666,0.6666666666666666,aleak,0h
63,ft_mid,test,0.75,0.5,0.6,0.0,0.0,0.75,0.0,aleak,0h
64,lab,train,0.9166666666666666,0.8333333333333333,0.7333333333333333,0.4,0.6666666666666666,0.75,0.5,aleak,24h
65,lab,test,0.75,0.5,0.6,0.0,0.0,0.75,0.0,aleak,24h
66,vitals,train,0.75,0.5694444444444444,0.6,0.2857142857142857,0.6666666666666666,0.5833333333333334,0.4,aleak,24h
67,vitals,test,1.0,1.0,0.8,0.0,0.0,1.0,0.0,aleak,24h
68,img,train,0.3888888888888889,0.2012820512820513,0.8,0.0,0.0,1.0,0.0,aleak,24h
69,img,test,0.75,0.5,0.6,0.0,0.0,0.75,0.0,aleak,24h
70,static,train,0.625,0.25,0.8,0.0,0.0,1.0,0.0,aleak,24h
71,static,test,0.5,0.2,0.8,0.0,0.0,1.0,0.0,aleak,24h
72,late,train,0.8055555555555556,0.6095238095238096,0.6666666666666666,0.3333333333333333,0.6666666666666666,0.6666666666666666,0.4444444444444444,aleak,24h
73,late,test,0.75,0.5,0.6,0.0,0.0,0.75,0.0,aleak,24h
74,ft_late,train,0.8055555555555556,0.6095238095238096,0.6666666666666666,0.3333333333333333,0.6666666666666666,0.6666666666666666,0.4444444444444444,aleak,24h
75,ft_late,test,0.75,0.5,0.6,0.0,0.0,0.75,0.0,aleak,24h
76,mid,train,1.0,1.0,0.9333333333333333,1.0,0.6666666666666666,1.0,0.8,aleak,24h
77,mid,test,1.0,1.0,0.8,0.0,0.0,1.0,0.0,aleak,24h
78,ft_mid,train,1.0,1.0,0.9333333333333333,1.0,0.6666666666666666,1.0,0.8,aleak,24h
79,ft_mid,test,0.75,0.5,0.6,0.0,0.0,0.75,0.0,aleak,24h
80,lab,train,0.8333333333333334,0.6428571428571428,0.6666666666666666,0.3333333333333333,0.6666666666666666,0.6666666666666666,0.4444444444444444,aleak,24h
81,lab,test,0.5,0.3333333333333333,0.4,0.0,0.0,0.5,0.0,aleak,24h
82,vitals,train,0.9166666666666667,0.7555555555555555,0.8,0.5,0.6666666666666666,0.8333333333333334,0.5714285714285715,aleak,24h
83,vitals,test,0.5,0.3333333333333333,0.4,0.0,0.0,0.5,0.0,aleak,24h
84,img,train,0.625,0.2777777777777778,0.6666666666666666,0.25,0.3333333333333333,0.75,0.28571428571428575,aleak,24h
85,img,test,0.0,0.2,0.8,0.0,0.0,1.0,0.0,aleak,24h
86,static,train,0.6666666666666666,0.5285714285714286,0.4666666666666667,0.2222222222222222,0.6666666666666666,0.4166666666666667,0.3333333333333333,aleak,24h
87,static,test,0.5,0.3333333333333333,0.4,0.0,0.0,0.5,0.0,aleak,24h
88,late,train,0.8888888888888888,0.7222222222222222,0.7333333333333333,0.4,0.6666666666666666,0.75,0.5,aleak,24h
89,late,test,0.5,0.3333333333333333,0.4,0.0,0.0,0.5,0.0,aleak,24h
90,ft_late,train,0.9166666666666666,0.8333333333333333,0.7333333333333333,0.4,0.6666666666666666,0.75,0.5,aleak,24h
91,ft_late,test,0.5,0.3333333333333333,0.4,0.0,0.0,0.5,0.0,aleak,24h
92,mid,train,0.888888888888889,0.5333333333333333,0.8,0.5,0.6666666666666666,0.8333333333333334,0.5714285714285715,aleak,24h
93,mid,test,1.0,1.0,0.8,0.0,0.0,1.0,0.0,aleak,24h
94,ft_mid,train,0.9444444444444444,0.8666666666666667,0.8,0.5,0.6666666666666666,0.8333333333333334,0.5714285714285715,aleak,24h
95,ft_mid,test,0.75,0.5,0.6,0.0,0.0,0.75,0.0,aleak,24h
96,lab,train,0.7222222222222222,0.4797979797979798,0.8,0.5,0.3333333333333333,0.9166666666666666,0.4,aleak,24h
97,lab,test,1.0,1.0,0.8,0.0,0.0,1.0,0.0,aleak,24h
98,vitals,train,0.888888888888889,0.7,0.8,0.5,0.6666666666666666,0.8333333333333334,0.5714285714285715,aleak,24h
99,vitals,test,1.0,1.0,0.8,0.0,0.0,1.0,0.0,aleak,24h
100,img,train,0.5416666666666666,0.23333333333333334,0.6666666666666666,0.25,0.3333333333333333,0.75,0.28571428571428575,aleak,24h
101,img,test,0.0,0.2,0.8,0.0,0.0,1.0,0.0,aleak,24h
102,static,train,0.5,0.2,0.8,0.0,0.0,1.0,0.0,aleak,24h
103,static,test,0.5,0.2,0.8,0.0,0.0,1.0,0.0,aleak,24h
104,late,train,1.0,1.0,0.9333333333333333,1.0,0.6666666666666666,1.0,0.8,aleak,24h
105,late,test,1.0,1.0,0.8,0.0,0.0,1.0,0.0,aleak,24h
106,ft_late,train,0.9166666666666666,0.6388888888888888,0.8666666666666667,0.6666666666666666,0.6666666666666666,0.9166666666666666,0.6666666666666666,aleak,24h
107,ft_late,test,1.0,1.0,0.8,0.0,0.0,1.0,0.0,aleak,24h
108,mid,train,0.8055555555555556,0.4444444444444445,0.7333333333333333,0.4,0.6666666666666666,0.75,0.5,aleak,24h
109,mid,test,0.0,0.2,0.8,0.0,0.0,1.0,0.0,aleak,24h
110,ft_mid,train,0.5,0.2,0.8,0.0,0.0,1.0,0.0,aleak,24h
111,ft_mid,test,0.5,0.2,0.8,0.0,0.0,1.0,0.0,aleak,24h
112,lab,train,0.7500000000000001,0.3873015873015873,0.6666666666666666,0.3333333333333333,0.6666666666666666,0.6666666666666666,0.4444444444444444,aleak,24h
113,lab,test,0.5,0.3333333333333333,0.4,0.0,0.0,0.5,0.0,aleak,24h
114,vitals,train,0.8611111111111112,0.6984126984126984,0.6666666666666666,0.3333333333333333,0.6666666666666666,0.6666666666666666,0.4444444444444444,aleak,24h
115,vitals,test,0.75,0.5,0.6,0.0,0.0,0.75,0.0,aleak,24h
116,img,train,0.6805555555555556,0.2785714285714286,0.6,0.2857142857142857,0.6666666666666666,0.5833333333333334,0.4,aleak,24h
117,img,test,0.125,0.2,0.8,0.0,0.0,1.0,0.0,aleak,24h
118,static,train,0.5833333333333333,0.5158730158730158,0.8,0.0,0.0,1.0,0.0,aleak,24h
119,static,test,1.0,1.0,0.8,0.0,0.0,1.0,0.0,aleak,24h
120,late,train,0.8333333333333333,0.6805555555555556,0.8,0.5,0.3333333333333333,0.9166666666666666,0.4,aleak,24h
121,late,test,0.0,0.2,0.8,0.0,0.0,1.0,0.0,aleak,24h
122,ft_late,train,0.888888888888889,0.8095238095238095,0.6666666666666666,0.3333333333333333,0.6666666666666666,0.6666666666666666,0.4444444444444444,aleak,24h
123,ft_late,test,0.25,0.25,0.2,0.0,0.0,0.25,0.0,aleak,24h
124,mid,train,0.9722222222222222,0.9166666666666665,0.8666666666666667,0.6666666666666666,0.6666666666666666,0.9166666666666666,0.6666666666666666,aleak,24h
125,mid,test,0.0,0.2,0.8,0.0,0.0,1.0,0.0,aleak,24h
126,ft_mid,train,0.9444444444444444,0.6944444444444444,0.8666666666666667,0.6666666666666666,0.6666666666666666,0.9166666666666666,0.6666666666666666,aleak,24h
127,ft_mid,test,0.0,0.2,0.8,0.0,0.0,1.0,0.0,aleak,24h
128,lab,train,0.9166666666666667,0.7555555555555555,0.8,0.5,0.6666666666666666,0.8333333333333334,0.5714285714285715,aleak,48h
129,lab,test,1.0,1.0,0.8,0.0,0.0,1.0,0.0,aleak,48h
130,vitals,train,0.9444444444444444,0.8666666666666667,0.8,0.5,0.6666666666666666,0.8333333333333334,0.5714285714285715,aleak,48h
131,vitals,test,0.25,0.25,0.2,0.0,0.0,0.25,0.0,aleak,48h
132,img,train,0.41666666666666663,0.1888888888888889,0.8,0.0,0.0,1.0,0.0,aleak,48h
133,img,test,1.0,1.0,0.8,0.0,0.0,1.0,0.0,aleak,48h
134,static,train,0.5,0.2,0.8,0.0,0.0,1.0,0.0,aleak,48h
135,static,test,0.5,0.2,0.8,0.0,0.0,1.0,0.0,aleak,48h
136,late,train,1.0,1.0,0.9333333333333333,1.0,0.6666666666666666,1.0,0.8,aleak,48h
137,late,test,0.75,0.5,0.6,0.0,0.0,0.75,0.0,aleak,48h
138,ft_late,train,1.0,1.0,0.9333333333333333,1.0,0.6666666666666666,1.0,0.8,aleak,48h
139,ft_late,test,0.75,0.5,0.6,0.0,0.0,0.75,0.0,aleak,48h
140,mid,train,0.9583333333333333,0.75,0.8,0.0,0.0,1.0,0.0,aleak,48h
141,mid,test,0.25,0.25,0.2,0.0,0.0,0.25,0.0,aleak,48h
142,ft_mid,train,1.0,1.0,0.9333333333333333,1.0,0.6666666666666666,1.0,0.8,aleak,48h
143,ft_mid,test,0.25,0.25,0.2,0.0,0.0,0.25,0.0,aleak,48h
144,lab,train,0.8333333333333333,0.7777777777777777,0.8666666666666667,1.0,0.3333333333333333,1.0,0.5,aleak,48h
145,lab,test,1.0,1.0,0.8,0.0,0.0,1.0,0.0,aleak,48h
146,vitals,train,0.7777777777777778,0.5,0.8,0.5,0.3333333333333333,0.9166666666666666,0.4,aleak,48h
147,vitals,test,0.25,0.25,0.2,0.0,0.0,0.25,0.0,aleak,48h
148,img,train,0.49999999999999994,0.29393939393939394,0.8,0.0,0.0,1.0,0.0,aleak,48h
149,img,test,0.25,0.25,0.2,0.0,0.0,0.25,0.0,aleak,48h
150,static,train,0.5277777777777778,0.29365079365079366,0.6,0.2,0.3333333333333333,0.6666666666666666,0.25,aleak,48h
151,static,test,0.25,0.25,0.2,0.0,0.0,0.25,0.0,aleak,48h
152,late,train,0.9166666666666666,0.8333333333333333,0.7333333333333333,0.4,0.6666666666666666,0.75,0.5,aleak,48h
153,late,test,1.0,1.0,0.8,0.0,0.0,1.0,0.0,aleak,48h
154,ft_late,train,0.9444444444444444,0.8666666666666667,0.8,0.5,0.6666666666666666,0.8333333333333334,0.5714285714285715,aleak,48h
155,ft_late,test,1.0,1.0,0.8,0.0,0.0,1.0,0.0,aleak,48h
156,mid,train,0.9166666666666666,0.8333333333333333,0.7333333333333333,0.4,0.6666666666666666,0.75,0.5,aleak,48h
157,mid,test,1.0,1.0,0.8,0.0,0.0,1.0,0.0,aleak,48h
158,ft_mid,train,0.9722222222222222,0.9166666666666665,0.8666666666666667,0.6666666666666666,0.6666666666666666,0.9166666666666666,0.6666666666666666,aleak,48h
159,ft_mid,test,1.0,1.0,0.8,0.0,0.0,1.0,0.0,aleak,48h
160,lab,train,1.0,1.0,0.9333333333333333,1.0,0.6666666666666666,1.0,0.8,aleak,48h
161,lab,test,0.5,0.3333333333333333,0.4,0.0,0.0,0.5,0.0,aleak,48h
162,vitals,train,0.8611111111111112,0.5333333333333333,0.8,0.5,0.6666666666666666,0.8333333333333334,0.5714285714285715,aleak,48h
163,vitals,test,0.25,0.25,0.2,0.0,0.0,0.25,0.0,aleak,48h
164,img,train,0.4027777777777778,0.18282828282828284,0.8,0.0,0.0,1.0,0.0,aleak,48h
165,img,test,0.875,0.5,0.8,0.0,0.0,1.0,0.0,aleak,48h
166,static,train,0.5,0.2,0.8,0.0,0.0,1.0,0.0,aleak,48h
167,static,test,0.5,0.2,0.8,0.0,0.0,1.0,0.0,aleak,48h
168,late,train,0.9722222222222222,0.9166666666666665,0.8666666666666667,0.6666666666666666,0.6666666666666666,0.9166666666666666,0.6666666666666666,aleak,48h
169,late,test,0.0,0.2,0.8,0.0,0.0,1.0,0.0,aleak,48h
170,ft_late,train,1.0,1.0,0.9333333333333333,1.0,0.6666666666666666,1.0,0.8,aleak,48h
171,ft_late,test,0.0,0.2,0.8,0.0,0.0,1.0,0.0,aleak,48h
172,mid,train,1.0,1.0,0.9333333333333333,1.0,0.6666666666666666,1.0,0.8,aleak,48h
173,mid,test,0.25,0.25,0.2,0.0,0.0,0.25,0.0,aleak,48h
174,ft_mid,train,1.0,1.0,0.8,0.0,0.0,1.0,0.0,aleak,48h
175,ft_mid,test,0.25,0.25,0.2,0.0,0.0,0.25,0.0,aleak,48h
176,lab,train,0.6944444444444444,0.35555555555555557,0.5333333333333333,0.25,0.6666666666666666,0.5,0.36363636363636365,aleak,48h
177,lab,test,0.75,0.5,0.6,0.0,0.0,0.75,0.0,aleak,48h
178,vitals,train,0.888888888888889,0.7,0.8,0.5,0.6666666666666666,0.8333333333333334,0.5714285714285715,aleak,48h
179,vitals,test,1.0,1.0,0.8,0.0,0.0,1.0,0.0,aleak,48h
180,img,train,0.5138888888888888,0.24444444444444446,0.8,0.0,0.0,1.0,0.0,aleak,48h
181,img,test,0.375,0.25,0.4,0.0,0.0,0.5,0.0,aleak,48h
182,static,train,0.4444444444444444,0.22186147186147187,0.4,0.2,0.6666666666666666,0.3333333333333333,0.30769230769230765,aleak,48h
183,static,test,1.0,1.0,0.8,0.0,0.0,1.0,0.0,aleak,48h
184,late,train,0.888888888888889,0.7,0.8,0.5,0.6666666666666666,0.8333333333333334,0.5714285714285715,aleak,48h
185,late,test,1.0,1.0,0.8,0.0,0.0,1.0,0.0,aleak,48h
186,ft_late,train,0.9444444444444444,0.8666666666666667,0.8,0.5,0.6666666666666666,0.8333333333333334,0.5714285714285715,aleak,48h
187,ft_late,test,1.0,1.0,0.8,0.0,0.0,1.0,0.0,aleak,48h
188,mid,train,0.888888888888889,0.5888888888888889,0.8,0.5,0.6666666666666666,0.8333333333333334,0.5714285714285715,aleak,48h
189,mid,test,1.0,1.0,0.8,0.0,0.0,1.0,0.0,aleak,48h
190,ft_mid,train,0.9444444444444444,0.6944444444444444,0.8666666666666667,0.6666666666666666,0.6666666666666666,0.9166666666666666,0.6666666666666666,aleak,48h
191,ft_mid,test,0.75,0.3333333333333333,0.8,0.0,0.0,1.0,0.0,aleak,48h
192,lab,train,0.6599999999999999,0.6696503496503496,0.7333333333333333,1.0,0.2,1.0,0.33333333333333337,pneu,0h
193,lab,test,0.75,0.5,0.6,0.0,0.0,0.75,0.0,pneu,0h
194,vitals,train,0.8200000000000001,0.5961904761904762,0.8,0.6666666666666666,0.8,0.8,0.7272727272727272,pneu,0h
195,vitals,test,0.75,0.5,0.6,0.0,0.0,0.75,0.0,pneu,0h
196,img,train,0.57,0.3790476190476191,0.6,0.4,0.4,0.7,0.4000000000000001,pneu,0h
197,img,test,0.125,0.2,0.8,0.0,0.0,1.0,0.0,pneu,0h
198,static,train,0.5,0.3333333333333333,0.6666666666666666,0.0,0.0,1.0,0.0,pneu,0h
199,static,test,0.5,0.2,0.8,0.0,0.0,1.0,0.0,pneu,0h
200,late,train,0.8200000000000001,0.5961904761904762,0.8,0.6666666666666666,0.8,0.8,0.7272727272727272,pneu,0h
201,late,test,0.75,0.5,0.6,0.0,0.0,0.75,0.0,pneu,0h
202,ft_late,train,0.98,0.9666666666666666,0.8666666666666667,0.8,0.8,0.9,0.8000000000000002,pneu,0h
203,ft_late,test,0.75,0.5,0.6,0.0,0.0,0.75,0.0,pneu,0h
204,mid,train,0.9,0.7142857142857143,0.6666666666666666,0.0,0.0,1.0,0.0,pneu,0h
205,mid,test,0.875,0.5,0.8,0.0,0.0,1.0,0.0,pneu,0h
206,ft_mid,train,0.9,0.7142857142857143,0.6666666666666666,0.0,0.0,1.0,0.0,pneu,0h
207,ft_mid,test,0.75,0.5,0.6,0.0,0.0,0.75,0.0,pneu,0h
208,lab,train,0.72,0.696923076923077,0.7333333333333333,1.0,0.2,1.0,0.33333333333333337,pneu,0h
209,lab,test,0.25,0.25,0.2,0.0,0.0,0.25,0.0,pneu,0h
210,vitals,train,0.78,0.711111111111111,0.6666666666666666,0.5,0.8,0.6,0.6153846153846154,pneu,0h
211,vitals,test,0.75,0.5,0.6,0.0,0.0,0.75,0.0,pneu,0h
212,img,train,0.45,0.3128205128205128,0.6666666666666666,0.0,0.0,1.0,0.0,pneu,0h
213,img,test,0.5,0.2,0.8,0.0,0.0,1.0,0.0,pneu,0h
214,static,train,0.5,0.3333333333333333,0.6666666666666666,0.0,0.0,1.0,0.0,pneu,0h
215,static,test,0.5,0.2,0.8,0.0,0.0,1.0,0.0,pneu,0h
216,late,train,0.78,0.711111111111111,0.6666666666666666,0.5,0.8,0.6,0.6153846153846154,pneu,0h
217,late,test,0.75,0.5,0.6,0.0,0.0,0.75,0.0,pneu,0h
218,ft_late,train,0.92,0.8761904761904762,0.8,0.6666666666666666,0.8,0.8,0.7272727272727272,pneu,0h
219,ft_late,test,1.0,1.0,0.8,0.0,0.0,1.0,0.0,pneu,0h
220,mid,train,0.8500000000000001,0.6544444444444444,0.8,0.75,0.6,0.9,0.6666666666666665,pneu,0h
221,mid,test,1.0,1.0,0.8,0.0,0.0,1.0,0.0,pneu,0h
222,ft_mid,train,0.65,0.4166666666666667,0.6666666666666666,0.0,0.0,1.0,0.0,pneu,0h
223,ft_mid,test,0.625,0.25,0.8,0.0,0.0,1.0,0.0,pneu,0h
224,lab,train,0.9318181818181818,0.8041666666666667,0.8666666666666667,0.75,0.75,0.9090909090909091,0.75,pneu,0h
225,lab,test,0.6666666666666667,0.75,0.6,0.0,0.0,1.0,0.0,pneu,0h
226,vitals,train,0.9545454545454545,0.8875,0.8666666666666667,0.75,0.75,0.9090909090909091,0.75,pneu,0h
227,vitals,test,0.33333333333333337,0.41666666666666663,0.4,0.3333333333333333,0.5,0.3333333333333333,0.4,pneu,0h
228,img,train,0.5795454545454546,0.31666666666666665,0.6666666666666666,0.3333333333333333,0.25,0.8181818181818182,0.28571428571428575,pneu,0h
229,img,test,0.5,0.45,0.4,0.0,0.0,0.6666666666666666,0.0,pneu,0h
230,static,train,0.5,0.26666666666666666,0.7333333333333333,0.0,0.0,1.0,0.0,pneu,0h
231,static,test,0.5,0.4,0.6,0.0,0.0,1.0,0.0,pneu,0h
232,late,train,0.9772727272727273,0.95,0.8666666666666667,0.75,0.75,0.9090909090909091,0.75,pneu,0h
233,late,test,0.5,0.7,0.6,0.0,0.0,1.0,0.0,pneu,0h
234,ft_late,train,1.0,1.0,0.9333333333333333,1.0,0.75,1.0,0.8571428571428571,pneu,0h
235,ft_late,test,0.6666666666666667,0.75,0.6,0.0,0.0,1.0,0.0,pneu,0h
236,mid,train,0.9090909090909091,0.6666666666666666,0.7333333333333333,0.0,0.0,1.0,0.0,pneu,0h
237,mid,test,0.6666666666666667,0.75,0.6,0.0,0.0,1.0,0.0,pneu,0h
238,ft_mid,train,1.0,1.0,0.9333333333333333,1.0,0.75,1.0,0.8571428571428571,pneu,0h
239,ft_mid,test,0.6666666666666667,0.75,0.6,0.0,0.0,1.0,0.0,pneu,0h
240,lab,train,0.6136363636363635,0.5416666666666666,0.6666666666666666,0.4,0.5,0.7272727272727273,0.4444444444444445,pneu,0h
241,lab,test,0.8333333333333334,0.8333333333333333,0.6,0.5,0.5,0.6666666666666666,0.5,pneu,0h
242,vitals,train,0.8181818181818181,0.525,0.8,0.6,0.75,0.8181818181818182,0.6666666666666665,pneu,0h
243,vitals,test,0.5,0.5,0.4,0.3333333333333333,0.5,0.3333333333333333,0.4,pneu,0h
244,img,train,0.5454545454545454,0.2928571428571428,0.5333333333333333,0.2857142857142857,0.5,0.5454545454545454,0.36363636363636365,pneu,0h
245,img,test,0.4166666666666667,0.45,0.6,0.0,0.0,1.0,0.0,pneu,0h
246,static,train,0.375,0.22738095238095235,0.7333333333333333,0.0,0.0,1.0,0.0,pneu,0h
247,static,test,0.5,0.4,0.6,0.0,0.0,1.0,0.0,pneu,0h
248,late,train,0.8409090909090908,0.7875,0.8,0.6666666666666666,0.5,0.9090909090909091,0.5714285714285715,pneu,0h
249,late,test,0.8333333333333334,0.8333333333333333,0.6,0.5,0.5,0.6666666666666666,0.5,pneu,0h
250,ft_late,train,0.9545454545454545,0.9166666666666666,0.8,0.6,0.75,0.8181818181818182,0.6666666666666665,pneu,0h
251,ft_late,test,0.8333333333333334,0.8333333333333333,0.6,0.5,0.5,0.6666666666666666,0.5,pneu,0h
252,mid,train,0.9772727272727273,0.95,0.8666666666666667,0.75,0.75,0.9090909090909091,0.75,pneu,0h
253,mid,test,0.5,0.5,0.4,0.3333333333333333,0.5,0.3333333333333333,0.4,pneu,0h
254,ft_mid,train,1.0,1.0,0.9333333333333333,1.0,0.75,1.0,0.8571428571428571,pneu,0h
255,ft_mid,test,0.6666666666666667,0.75,0.6,0.0,0.0,1.0,0.0,pneu,0h
256,lab,train,0.6799999999999999,0.5688888888888889,0.6,0.4444444444444444,0.8,0.5,0.5714285714285714,pneu,24h
257,lab,test,0.75,0.5,0.6,0.0,0.0,0.75,0.0,pneu,24h
258,vitals,train,0.98,0.9666666666666666,0.8666666666666667,0.8,0.8,0.9,0.8000000000000002,pneu,24h
259,vitals,test,0.5,0.3333333333333333,0.4,0.0,0.0,0.5,0.0,pneu,24h
260,img,train,0.35000000000000003,0.27307692307692305,0.6666666666666666,0.0,0.0,1.0,0.0,pneu,24h
261,img,test,1.0,1.0,0.8,0.0,0.0,1.0,0.0,pneu,24h
262,static,train,0.48000000000000004,0.37963369963369964,0.6,0.4,0.4,0.7,0.4000000000000001,pneu,24h
263,static,test,0.0,0.2,0.8,0.0,0.0,1.0,0.0,pneu,24h
264,late,train,0.98,0.9666666666666666,0.8666666666666667,0.8,0.8,0.9,0.8000000000000002,pneu,24h
265,late,test,0.5,0.3333333333333333,0.4,0.0,0.0,0.5,0.0,pneu,24h
266,ft_late,train,1.0,1.0,0.9333333333333333,1.0,0.8,1.0,0.888888888888889,pneu,24h
267,ft_late,test,0.5,0.3333333333333333,0.4,0.0,0.0,0.5,0.0,pneu,24h
268,mid,train,1.0,1.0,0.6666666666666666,0.0,0.0,1.0,0.0,pneu,24h
269,mid,test,0.5,0.3333333333333333,0.4,0.0,0.0,0.5,0.0,pneu,24h
270,ft_mid,train,1.0,1.0,0.9333333333333333,1.0,0.8,1.0,0.888888888888889,pneu,24h
271,ft_mid,test,0.5,0.3333333333333333,0.4,0.0,0.0,0.5,0.0,pneu,24h
272,lab,train,0.86,0.8253968253968254,0.8,1.0,0.4,1.0,0.5714285714285715,pneu,24h
273,lab,test,1.0,1.0,0.8,0.0,0.0,1.0,0.0,pneu,24h
274,vitals,train,0.9400000000000001,0.8766666666666667,0.8666666666666667,0.8,0.8,0.9,0.8000000000000002,pneu,24h
275,vitals,test,1.0,1.0,0.8,0.0,0.0,1.0,0.0,pneu,24h
276,img,train,0.57,0.3790476190476191,0.6,0.4,0.4,0.7,0.4000000000000001,pneu,24h
277,img,test,0.125,0.2,0.8,0.0,0.0,1.0,0.0,pneu,24h
278,static,train,0.52,0.44358974358974357,0.6666666666666666,0.5,0.2,0.9,0.28571428571428575,pneu,24h
279,static,test,0.75,0.5,0.6,0.0,0.0,0.75,0.0,pneu,24h
280,late,train,1.0,1.0,0.9333333333333333,1.0,0.8,1.0,0.888888888888889,pneu,24h
281,late,test,1.0,1.0,0.8,0.0,0.0,1.0,0.0,pneu,24h
282,ft_late,train,1.0,1.0,0.9333333333333333,1.0,0.8,1.0,0.888888888888889,pneu,24h
283,ft_late,test,1.0,1.0,0.8,0.0,0.0,1.0,0.0,pneu,24h
284,mid,train,0.98,0.9666666666666666,0.8666666666666667,0.8,0.8,0.9,0.8000000000000002,pneu,24h
285,mid,test,1.0,1.0,0.8,0.0,0.0,1.0,0.0,pneu,24h
286,ft_mid,train,0.9,0.7142857142857143,0.6666666666666666,0.0,0.0,1.0,0.0,pneu,24h
287,ft_mid,test,0.875,0.5,0.8,0.0,0.0,1.0,0.0,pneu,24h
288,lab,train,0.9090909090909091,0.7708333333333333,0.8,0.6,0.75,0.8181818181818182,0.6666666666666665,pneu,24h
289,lab,test,0.0,0.325,0.6,0.0,0.0,1.0,0.0,pneu,24h
290,vitals,train,0.9090909090909091,0.7708333333333333,0.8,0.6,0.75,0.8181818181818182,0.6666666666666665,pneu,24h
291,vitals,test,0.16666666666666669,0.3666666666666667,0.6,0.0,0.0,1.0,0.0,pneu,24h
292,img,train,0.5113636363636364,0.2712121212121212,0.7333333333333333,0.0,0.0,1.0,0.0,pneu,24h
293,img,test,0.5833333333333334,0.45,0.6,0.0,0.0,1.0,0.0,pneu,24h
294,static,train,0.5227272727272727,0.4916666666666667,0.7333333333333333,0.0,0.0,1.0,0.0,pneu,24h
295,static,test,0.33333333333333337,0.41666666666666663,0.4,0.3333333333333333,0.5,0.3333333333333333,0.4,pneu,24h
296,late,train,0.9318181818181818,0.8041666666666667,0.8666666666666667,0.75,0.75,0.9090909090909091,0.75,pneu,24h
297,late,test,0.0,0.325,0.6,0.0,0.0,1.0,0.0,pneu,24h
298,ft_late,train,1.0,1.0,0.9333333333333333,1.0,0.75,1.0,0.8571428571428571,pneu,24h
299,ft_late,test,0.16666666666666669,0.3666666666666667,0.6,0.0,0.0,1.0,0.0,pneu,24h
300,mid,train,0.9545454545454545,0.9166666666666666,0.8,0.6,0.75,0.8181818181818182,0.6666666666666665,pneu,24h
301,mid,test,0.0,0.325,0.6,0.0,0.0,1.0,0.0,pneu,24h
302,ft_mid,train,0.9204545454545454,0.7291666666666666,0.8,0.6,0.75,0.8181818181818182,0.6666666666666665,pneu,24h
303,ft_mid,test,0.0,0.325,0.6,0.0,0.0,1.0,0.0,pneu,24h
304,lab,train,0.7954545454545454,0.5416666666666666,0.6666666666666666,0.42857142857142855,0.75,0.6363636363636364,0.5454545454545454,pneu,24h
305,lab,test,0.6666666666666667,0.5833333333333333,0.6,0.5,0.5,0.6666666666666666,0.5,pneu,24h
306,vitals,train,0.9545454545454545,0.9166666666666666,0.8,0.6,0.75,0.8181818181818182,0.6666666666666665,pneu,24h
307,vitals,test,0.8333333333333334,0.8333333333333333,0.6,0.5,0.5,0.6666666666666666,0.5,pneu,24h
308,img,train,0.5113636363636364,0.32976190476190476,0.7333333333333333,0.0,0.0,1.0,0.0,pneu,24h
309,img,test,0.4166666666666667,0.41666666666666663,0.4,0.3333333333333333,0.5,0.3333333333333333,0.4,pneu,24h
310,static,train,0.20454545454545453,0.20869963369963368,0.7333333333333333,0.0,0.0,1.0,0.0,pneu,24h
311,static,test,0.6666666666666667,0.75,0.6,0.0,0.0,1.0,0.0,pneu,24h
312,late,train,1.0,1.0,0.9333333333333333,1.0,0.75,1.0,0.8571428571428571,pneu,24h
313,late,test,0.8333333333333334,0.8333333333333333,0.6,0.5,0.5,0.6666666666666666,0.5,pneu,24h
314,ft_late,train,1.0,1.0,0.9333333333333333,1.0,0.75,1.0,0.8571428571428571,pneu,24h
315,ft_late,test,0.8333333333333334,0.8333333333333333,0.6,0.5,0.5,0.6666666666666666,0.5,pneu,24h
316,mid,train,1.0,1.0,0.9333333333333333,1.0,0.75,1.0,0.8571428571428571,pneu,24h
317,mid,test,0.6666666666666667,0.5833333333333333,0.6,0.5,0.5,0.6666666666666666,0.5,pneu,24h
318,ft_mid,train,1.0,1.0,0.9333333333333333,1.0,0.75,1.0,0.8571428571428571,pneu,24h
319,ft_mid,test,0.6666666666666667,0.5833333333333333,0.6,0.5,0.5,0.6666666666666666,0.5,pneu,24h
320,lab,train,0.72,0.5422222222222222,0.6,0.4444444444444444,0.8,0.5,0.5714285714285714,pneu,48h
321,lab,test,0.5,0.3333333333333333,0.4,0.0,0.0,0.5,0.0,pneu,48h
322,vitals,train,0.8400000000000001,0.6961904761904762,0.8,0.6666666666666666,0.8,0.8,0.7272727272727272,pneu,48h
323,vitals,test,1.0,1.0,0.8,0.0,0.0,1.0,0.0,pneu,48h
324,img,train,0.5,0.3333333333333333,0.6666666666666666,0.0,0.0,1.0,0.0,pneu,48h
325,img,test,0.5,0.2,0.8,0.0,0.0,1.0,0.0,pneu,48h
326,static,train,0.5,0.3333333333333333,0.6666666666666666,0.0,0.0,1.0,0.0,pneu,48h
327,static,test,0.625,0.25,0.8,0.0,0.0,1.0,0.0,pneu,48h
328,late,train,0.8800000000000001,0.7961904761904761,0.8,0.6666666666666666,0.8,0.8,0.7272727272727272,pneu,48h
329,late,test,1.0,1.0,0.8,0.0,0.0,1.0,0.0,pneu,48h
330,ft_late,train,1.0,1.0,0.9333333333333333,1.0,0.8,1.0,0.888888888888889,pneu,48h
331,ft_late,test,1.0,1.0,0.8,0.0,0.0,1.0,0.0,pneu,48h
332,mid,train,0.82,0.6783333333333332,0.7333333333333333,0.5714285714285714,0.8,0.7,0.6666666666666666,pneu,48h
333,mid,test,1.0,1.0,0.8,0.0,0.0,1.0,0.0,pneu,48h
334,ft_mid,train,0.92,0.7828571428571429,0.8,0.6666666666666666,0.8,0.8,0.7272727272727272,pneu,48h
335,ft_mid,test,1.0,1.0,0.8,0.0,0.0,1.0,0.0,pneu,48h
336,lab,train,0.8200000000000001,0.5961904761904762,0.8,0.6666666666666666,0.8,0.8,0.7272727272727272,pneu,48h
337,lab,test,0.25,0.25,0.2,0.0,0.0,0.25,0.0,pneu,48h
338,vitals,train,0.8,0.6166666666666666,0.7333333333333333,0.6,0.6,0.8,0.6,pneu,48h
339,vitals,test,1.0,1.0,0.8,0.0,0.0,1.0,0.0,pneu,48h
340,img,train,0.45000000000000007,0.3142857142857143,0.6666666666666666,0.0,0.0,1.0,0.0,pneu,48h
341,img,test,0.875,0.5,0.8,0.0,0.0,1.0,0.0,pneu,48h
342,static,train,0.8,0.6787301587301586,0.6666666666666666,0.5,0.8,0.6,0.6153846153846154,pneu,48h
343,static,test,0.25,0.2,0.8,0.0,0.0,1.0,0.0,pneu,48h
344,late,train,0.74,0.5253968253968254,0.6666666666666666,0.5,0.8,0.6,0.6153846153846154,pneu,48h
345,late,test,0.0,0.2,0.8,0.0,0.0,1.0,0.0,pneu,48h
346,ft_late,train,0.9,0.8711111111111112,0.8,0.75,0.6,0.9,0.6666666666666665,pneu,48h
347,ft_late,test,0.5,0.3333333333333333,0.4,0.0,0.0,0.5,0.0,pneu,48h
348,mid,train,0.9600000000000001,0.9428571428571428,0.8666666666666667,1.0,0.6,1.0,0.7499999999999999,pneu,48h
349,mid,test,0.5,0.3333333333333333,0.4,0.0,0.0,0.5,0.0,pneu,48h
350,ft_mid,train,0.9199999999999999,0.885,0.8,0.75,0.6,0.9,0.6666666666666665,pneu,48h
351,ft_mid,test,0.5,0.3333333333333333,0.4,0.0,0.0,0.5,0.0,pneu,48h
352,lab,train,0.8409090909090908,0.7152777777777778,0.8,0.6666666666666666,0.5,0.9090909090909091,0.5714285714285715,pneu,48h
353,lab,test,0.33333333333333337,0.41666666666666663,0.4,0.3333333333333333,0.5,0.3333333333333333,0.4,pneu,48h
354,vitals,train,0.9318181818181818,0.8041666666666667,0.8666666666666667,0.75,0.75,0.9090909090909091,0.75,pneu,48h
355,vitals,test,0.8333333333333334,0.8333333333333333,0.6,0.5,0.5,0.6666666666666666,0.5,pneu,48h
356,img,train,0.4318181818181818,0.2583333333333333,0.7333333333333333,0.0,0.0,1.0,0.0,pneu,48h
357,img,test,0.7500000000000001,0.5833333333333333,0.6,0.5,0.5,0.6666666666666666,0.5,pneu,48h
358,static,train,0.4772727272727273,0.3390151515151515,0.4,0.2727272727272727,0.75,0.2727272727272727,0.39999999999999997,pneu,48h
359,static,test,0.5,0.5,0.4,0.3333333333333333,0.5,0.3333333333333333,0.4,pneu,48h
360,late,train,0.9318181818181818,0.8041666666666667,0.8666666666666667,0.75,0.75,0.9090909090909091,0.75,pneu,48h
361,late,test,0.6666666666666667,0.5833333333333333,0.6,0.5,0.5,0.6666666666666666,0.5,pneu,48h
362,ft_late,train,0.9772727272727273,0.95,0.8666666666666667,0.75,0.75,0.9090909090909091,0.75,pneu,48h
363,ft_late,test,0.5,0.5,0.4,0.3333333333333333,0.5,0.3333333333333333,0.4,pneu,48h
364,mid,train,0.9545454545454545,0.8,0.7333333333333333,0.0,0.0,1.0,0.0,pneu,48h
365,mid,test,0.8333333333333334,0.6666666666666666,0.6,0.0,0.0,1.0,0.0,pneu,48h
366,ft_mid,train,0.9545454545454545,0.8875,0.8666666666666667,0.75,0.75,0.9090909090909091,0.75,pneu,48h
367,ft_mid,test,0.8333333333333334,0.8333333333333333,0.6,0.5,0.5,0.6666666666666666,0.5,pneu,48h
368,lab,train,0.9318181818181819,0.8928571428571428,0.8666666666666667,1.0,0.5,1.0,0.6666666666666666,pneu,48h
369,lab,test,0.33333333333333337,0.45,0.4,0.0,0.0,0.6666666666666666,0.0,pneu,48h
370,vitals,train,0.9772727272727273,0.95,0.8666666666666667,0.75,0.75,0.9090909090909091,0.75,pneu,48h
371,vitals,test,1.0,1.0,0.8,1.0,0.5,1.0,0.6666666666666666,pneu,48h
372,img,train,0.39772727272727276,0.22852564102564102,0.7333333333333333,0.0,0.0,1.0,0.0,pneu,48h
373,img,test,0.75,0.75,0.6,0.0,0.0,1.0,0.0,pneu,48h
374,static,train,0.6136363636363636,0.39299242424242425,0.4666666666666667,0.3,0.75,0.36363636363636365,0.4285714285714285,pneu,48h
375,static,test,0.5,0.7,0.6,0.0,0.0,1.0,0.0,pneu,48h
376,late,train,0.9772727272727273,0.95,0.8666666666666667,0.75,0.75,0.9090909090909091,0.75,pneu,48h
377,late,test,1.0,1.0,0.8,1.0,0.5,1.0,0.6666666666666666,pneu,48h
378,ft_late,train,1.0,1.0,0.9333333333333333,1.0,0.75,1.0,0.8571428571428571,pneu,48h
379,ft_late,test,0.8333333333333334,0.8333333333333333,0.6,0.5,0.5,0.6666666666666666,0.5,pneu,48h
380,mid,train,1.0,1.0,0.9333333333333333,1.0,0.75,1.0,0.8571428571428571,pneu,48h
381,mid,test,1.0,1.0,0.8,1.0,0.5,1.0,0.6666666666666666,pneu,48h
382,ft_mid,train,0.9545454545454545,0.8,0.7333333333333333,0.0,0.0,1.0,0.0,pneu,48h
383,ft_mid,test,0.7500000000000001,0.5833333333333333,0.6,0.5,0.5,0.6666666666666666,0.5,pneu,48h
